{
  "n": 22280,
  "r2": 0.9814652470995202,
  "adjr2": 0.9814569239808797,
  "f": 117920.37209783035,
  "fp": 0.0,
  "aic": 91558.68896589262,
  "bic": 91646.81485752708,
  "rmse": 1.8875807050107913,
  "s2": 3.564720878865639
}